Date,Workout,Exercise,Weight,Sets,Reps
2015-10-20,5x5 A,Squat,180,5,5
2015-10-20,5x5 A,Overhead Press ,75,5,5
2015-10-20,5x5 A,Deadlift,205,1,5
2015-11-11,5x5 B,Squat,165,5,5
2015-11-11,5x5 B,Bench Press,105,5,5
2015-11-11,5x5 B,Bentover Row,105,5,5
2015-11-15,5x5 A,Squat,175,5,5
2015-11-15,5x5 A,Overhead Press ,75,5,5
2015-11-15,5x5 A,Deadlift,205,1,5
2015-11-17,5x5 B,Squat,175,5,5
2015-11-17,5x5 B,Bench Press,110,5,5
2015-11-17,5x5 B,Bentover Row,115,5,5
2015-11-19,5x5 A,Squat,180,5,5
2015-11-19,5x5 A,Overhead Press ,75,5,5
2015-11-19,5x5 A,Deadlift,205,1,5
2015-11-23,5x5 B,Squat,180,5,5
2015-11-23,5x5 B,Bench Press,115,5,5
2015-11-23,5x5 B,Bentover Row,120,5,5
2015-11-30,5x5 A,Squat,180,5,5
2015-11-30,5x5 A,Overhead Press ,75,5,5
2015-11-30,5x5 A,Deadlift,205,1,5
2015-12-02,5x5 B,Squat,180,5,5
2015-12-02,5x5 B,Bench Press,120,5,5
2015-12-02,5x5 B,Bentover Row,125,5,5
2015-12-06,5x5 A,Squat,180,5,5
2015-12-06,5x5 A,Overhead Press ,75,5,5
2015-12-06,5x5 A,Deadlift,215,1,5
2015-12-09,5x5 B,Squat,180,5,5
2015-12-09,5x5 B,Bench Press,120,5,5
2015-12-09,5x5 B,Bentover Row,125,5,5
2015-12-13,5x5 A,Squat,180,5,5
2015-12-13,5x5 A,Overhead Press ,75,5,5
2015-12-13,5x5 A,Deadlift,215,1,5
2015-12-15,5x5 B,Squat,180,5,5
2015-12-15,5x5 B,Bench Press,120,5,5
2015-12-15,5x5 B,Bentover Row,125,5,5
2016-01-06,5x5 A,Squat,130,5,5
2016-01-06,5x5 A,Overhead Press ,65,5,5
2016-01-06,5x5 A,Deadlift,180,1,5
2016-01-14,5x5 A,Squat,165,5,5
2016-01-14,5x5 A,Overhead Press ,70,5,5
2016-01-14,5x5 A,Deadlift,195,1,5
2016-01-18,5x5 B,Squat,165,5,5
2016-01-18,5x5 B,Bench Press,115,5,5
2016-01-18,5x5 B,Bentover Row,115,5,5
2016-01-20,5x5 A,Squat,155,5,5
2016-01-20,5x5 A,Overhead Press ,65,5,5
2016-01-20,5x5 A,Deadlift,195,1,5
2016-01-25,5x5 B,Squat,165,5,5
2016-01-25,5x5 B,Bench Press,115,5,5
2016-01-25,5x5 B,Bentover Row,115,5,5
2016-01-27,5x5 B,Squat,170,5,5
2016-01-27,5x5 B,Overhead Press ,75,5,5
2016-01-27,5x5 B,Deadlift,205,1,5
2016-01-29,5x5 A,Squat,175,5,5
2016-01-29,5x5 A,Bench Press,115,5,5
2016-01-29,5x5 A,Bentover Row,120,5,5
2016-02-01,5x5 B,Squat,175,5,5
2016-02-01,5x5 B,Overhead Press ,75,5,5
2016-02-01,5x5 B,Deadlift,215,1,5
2016-02-03,5x5 B,Squat,175,5,5
2016-02-03,5x5 B,Bench Press,120,5,5
2016-02-03,5x5 B,Bentover Row,125,5,5
2016-02-05,5x5 B,Squat,175,5,5
2016-02-05,5x5 B,Overhead Press ,75,5,5
2016-02-05,5x5 B,Deadlift,225,1,5
2016-02-08,5x5 A,Squat,175,5,5
2016-02-08,5x5 A,Bench Press,125,5,5
2016-02-08,5x5 A,Bentover Row,125,5,5
2016-02-12,5x5 B,Squat,175,5,5
2016-02-12,5x5 B,Overhead Press ,75,5,5
2016-02-12,5x5 B,Deadlift,225,1,5
2016-02-17,5x5 B,Squat,165,5,5
2016-02-17,5x5 B,Bench Press,115,5,5
2016-02-17,5x5 B,Bentover Row,115,5,5
2016-02-22,5x5 B,Squat,175,5,5
2016-02-22,5x5 B,Overhead Press ,75,5,5
2016-02-22,5x5 B,Deadlift,225,1,5
2016-02-24,5x5 A,Squat,175,5,5
2016-02-24,5x5 A,Bench Press,120,5,5
2016-02-24,5x5 A,Bentover Row,120,5,5
2016-03-02,5x5 B,Squat,170,5,5
2016-03-02,5x5 B,Overhead Press ,75,5,5
2016-03-02,5x5 B,Deadlift,225,1,5
2016-03-04,5x5 B,Squat,175,5,5
2016-03-04,5x5 B,Bench Press,115,5,5
2016-03-04,5x5 B,Bentover Row,120,5,5
2016-03-07,5x5 B,Squat,175,5,5
2016-03-07,5x5 B,Overhead Press ,75,5,5
2016-03-07,5x5 B,Deadlift,225,1,5
2016-03-09,5x5 A,Squat,165,5,5
2016-03-09,5x5 A,Bench Press,120,5,5
2016-03-09,5x5 A,Bentover Row,120,5,5
2016-03-14,5x5 B,Squat,165,5,5
2016-03-14,5x5 B,Overhead Press ,65,5,5
2016-03-14,5x5 B,Deadlift,225,1,5
2016-03-16,5x5 B,Squat,170,5,5
2016-03-16,5x5 B,Bench Press,120,5,5
2016-03-16,5x5 B,Bentover Row,125,5,5
2016-03-21,5x5 A,Squat,170,5,5
2016-03-21,5x5 A,Overhead Press ,75,5,5
2016-03-21,5x5 A,Deadlift,225,1,5
2016-03-30,5x5 B,Squat,175,5,5
2016-03-30,5x5 B,Bench Press,125,5,5
2016-03-30,5x5 B,Bentover Row,125,5,5
2016-03-31,5x5 B,Squat,165,5,5
2016-03-31,5x5 B,Overhead Press ,5,5,5
2016-03-31,5x5 B,Deadlift,225,1,5
2016-04-01,5x5 B,Squat,170,5,5
2016-04-01,5x5 B,Bench Press,120,5,5
2016-04-01,5x5 B,Bentover Row,120,5,5
2016-04-06,5x5 A,Squat,175,5,5
2016-04-06,5x5 A,Overhead Press ,75,5,5
2016-04-06,5x5 A,Deadlift,225,1,5
2016-04-10,5x5 B,Squat,155,5,5
2016-04-10,5x5 B,Bench Press,120,5,5
2016-04-10,5x5 B,Bentover Row,120,5,5
2016-04-12,5x5 B,Squat,165,5,5
2016-04-12,5x5 B,Overhead Press ,75,5,5
2016-04-12,5x5 B,Deadlift,225,1,5
2016-04-14,5x5 B,Squat,155,5,5
2016-04-14,5x5 B,Bench Press,125,5,5
2016-04-14,5x5 B,Bentover Row,120,5,5
2016-04-27,5x5 A,Squat,155,5,5
2016-04-27,5x5 A,Overhead Press ,75,5,5
2016-04-27,5x5 A,Deadlift,200,1,5
2016-04-28,5x5 B,Squat,160,5,5
2016-04-28,5x5 B,Bench Press,115,5,5
2016-04-28,5x5 B,Bentover Row,115,5,5
2016-05-04,5x5 B,Squat,165,5,5
2016-05-04,5x5 B,Overhead Press ,70,5,5
2016-05-04,5x5 B,Deadlift,205,1,5
2016-05-11,5x5 B,Squat,165,5,5
2016-05-11,5x5 B,Overhead Press ,70,5,5
2016-05-11,5x5 B,Deadlift,225,1,5
2016-05-16,5x5 A,Squat,170,5,5
2016-05-16,5x5 A,Bench Press,125,5,5
2016-05-16,5x5 A,Bentover Row,125,5,5
2016-05-18,5x5 A,Squat,165,5,5
2016-05-18,5x5 A,Bench Press,120,5,5
2016-05-18,5x5 A,Bentover Row,120,5,5
2016-05-19,5x5 B,Squat,170,5,5
2016-05-19,5x5 B,Overhead Press ,75,5,5
2016-05-19,5x5 B,Deadlift,230,1,5
2016-05-23,5x5 A,Squat,175,5,5
2016-05-23,5x5 A,Bench Press,125,5,5
2016-05-23,5x5 A,Bentover Row,125,5,5
2016-05-25,5x5 B,Squat,175,5,5
2016-05-25,5x5 B,Overhead Press ,75,5,5
2016-05-25,5x5 B,Deadlift,235,1,5
2016-05-30,5x5 B,Squat,175,5,5
2016-05-30,5x5 B,Bench Press,125,5,5
2016-05-30,5x5 B,Bentover Row,125,5,5
2016-06-02,5x5 B,Squat,180,5,5
2016-06-02,5x5 B,Overhead Press ,75,5,5
2016-06-02,5x5 B,Deadlift,240,1,5
2016-06-06,5x5 A,Squat,180,5,5
2016-06-06,5x5 A,Bench Press,125,5,5
2016-06-06,5x5 A,Bentover Row,125,5,5
2016-06-08,5x5 B,Squat,185,5,5
2016-06-08,5x5 B,Overhead Press ,75,5,5
2016-06-08,5x5 B,Deadlift,250,1,5
2016-06-10,5x5 A,Squat,180,5,5
2016-06-10,5x5 A,Bench Press,125,5,5
2016-06-10,5x5 A,Bentover Row,125,5,5
2016-06-13,5x5 B,Squat,180,5,5
2016-06-13,5x5 B,Overhead Press ,75,5,5
2016-06-13,5x5 B,Deadlift,230,1,5
2016-06-15,5x5 A,Squat,185,5,5
2016-06-15,5x5 A,Bench Press,125,5,5
2016-06-15,5x5 A,Bentover Row,125,5,5
2016-06-18,5x5 B,Squat,165,5,5
2016-06-18,5x5 B,Overhead Press ,75,5,5
2016-06-18,5x5 B,Deadlift,240,1,5
2016-06-21,5x5 A,Squat,180,5,5
2016-06-21,5x5 A,Bench Press,125,5,5
2016-06-21,5x5 A,Bentover Row,130,5,5
2016-06-23,5x5 B,Squat,180,5,5
2016-06-23,5x5 B,Overhead Press ,75,5,5
2016-06-23,5x5 B,Deadlift,230,1,5
2016-06-26,5x5 A,Squat,180,5,5
2016-06-26,5x5 A,Bench Press,125,5,5
2016-06-26,5x5 A,Bentover Row,130,5,5
2016-06-28,5x5 B,Squat,180,5,5
2016-06-28,5x5 B,Overhead Press ,75,5,5
2016-06-28,5x5 B,Deadlift,240,1,5
2016-07-02,5x5 A,Squat,180,5,5
2016-07-02,5x5 A,Bench Press,125,5,5
2016-07-02,5x5 A,Bentover Row,130,5,5
2016-07-05,5x5 B,Squat,180,5,5
2016-07-05,5x5 B,Overhead Press ,75,5,5
2016-07-05,5x5 B,Deadlift,250,1,5
2016-07-09,5x5 A,Squat,180,5,5
2016-07-09,5x5 A,Bench Press,125,5,5
2016-07-09,5x5 A,Bentover Row,130,5,5
2016-07-12,5x5 B,Squat,180,5,5
2016-07-12,5x5 B,Overhead Press ,75,5,5
2016-07-12,5x5 B,Deadlift,250,1,5
2016-07-16,5x5 A,Squat,180,5,5
2016-07-16,5x5 A,Bench Press,125,5,5
2016-07-16,5x5 A,Bentover Row,130,5,5
2016-07-18,5x5 B,Squat,180,5,5
2016-07-18,5x5 B,Overhead Press ,75,5,5
2016-07-18,5x5 B,Deadlift,255,1,5
2016-07-20,5x5 A,Squat,180,5,5
2016-07-20,5x5 A,Bench Press,125,5,5
2016-07-20,5x5 A,Bentover Row,130,5,5
2016-07-22,5x5 B,Squat,180,5,5
2016-07-22,5x5 B,Overhead Press ,75,5,5
2016-07-22,5x5 B,Deadlift,205,1,5
2016-07-29,5x5 A,Squat,180,5,5
2016-07-29,5x5 A,Bench Press,125,5,5
2016-07-29,5x5 A,Bentover Row,130,5,5
2016-08-02,5x5 B,Squat,180,5,5
2016-08-02,5x5 B,Overhead Press ,75,5,5
2016-08-02,5x5 B,Deadlift,255,1,5
2016-08-06,5x5 A,Squat,180,5,5
2016-08-06,5x5 A,Bench Press,125,5,5
2016-08-06,5x5 A,Bentover Row,130,5,5
2016-08-08,5x5 B,Squat,185,5,5
2016-08-08,5x5 B,Overhead Press ,75,5,5
2016-08-08,5x5 B,Deadlift,255,1,5
2016-08-10,5x5 A,Squat,185,5,5
2016-08-10,5x5 A,Bench Press,125,5,5
2016-08-10,5x5 A,Bentover Row,130,5,5
2016-08-13,5x5 B,Squat,185,5,5
2016-08-13,5x5 B,Overhead Press ,75,5,5
2016-08-13,5x5 B,Deadlift,255,1,5
2016-08-15,5x5 A,Squat,185,5,5
2016-08-15,5x5 A,Bench Press,125,5,5
2016-08-15,5x5 A,Bentover Row,130,5,5
2016-08-20,5x5 B,Squat,195,5,5
2016-08-20,5x5 B,Overhead Press ,75,5,5
2016-08-20,5x5 B,Deadlift,255,1,5
2016-08-30,5x5 A,Squat,180,5,5
2016-08-30,5x5 A,Bench Press,125,5,5
2016-08-30,5x5 A,Bentover Row,130,5,5
2016-06-06,5x5 B,Squat,185,5,5
2016-06-06,5x5 B,Overhead Press ,75,5,5
2016-06-06,5x5 B,Deadlift,230,1,5
2016-06-14,5x5 A,Squat,180,5,5
2016-06-14,5x5 A,Bench Press,120,5,5
2016-06-14,5x5 A,Bentover Row,130,5,5
2016-06-24,5x5 B,Squat,180,5,5
2016-06-24,5x5 B,Overhead Press ,70,5,5
2016-06-24,5x5 B,Deadlift,230,1,5
2016-06-28,5x5 A,Squat,185,5,5
2016-06-28,5x5 A,Bench Press,120,5,5
2016-06-28,5x5 A,Bentover Row,120,5,5
2016-10-03,5x5 B,Squat,180,5,5
2016-10-03,5x5 B,Overhead Press ,70,5,5
2016-10-03,5x5 B,Deadlift,250,1,5
2016-10-11,5x5 A,Squat,180,5,5
2016-10-11,5x5 A,Bench Press,115,5,5
2016-10-11,5x5 A,Bentover Row,125,5,5
2016-10-17,5x5 B,Squat,185,5,5
2016-10-17,5x5 B,Overhead Press ,70,5,5
2016-10-17,5x5 B,Deadlift,225,1,5
2016-10-24,5x5 A,Squat,185,5,5
2016-10-24,5x5 A,Bench Press,120,5,5
2016-10-24,5x5 A,Bentover Row,130,5,5
2016-10-27,5x5 B,Squat,185,5,5
2016-10-27,5x5 B,Overhead Press ,70,5,5
2016-10-27,5x5 B,Deadlift,225,1,5

2016-12-26,Power Upper,Barbell Bench,115,3,5
2017-01-02,Power Upper,Barbell Bench,120,3,5
2017-01-09,Power Upper,Barbell Bench,120,4,5
2017-01-16,Power Upper,Barbell Bench,125,4,5
2017-01-23,Power Upper,Barbell Bench,125,4,5
2017-01-30,Power Upper,Barbell Bench,125,4,5
2017-02-06,Power Upper,Barbell Bench,130,4,5
2017-02-13,Power Upper,Barbell Bench,130,4,5
2017-02-23,Power Upper,Barbell Bench,135,4,5
2017-02-27,Power Upper,Barbell Bench,135,4,5
2017-03-06,Power Upper,Barbell Bench,135,4,5
2017-03-13,Power Upper,Barbell Bench,135,4,5
2017-03-23,Power Upper,Barbell Bench,135,4,5
2017-03-27,Power Upper,Barbell Bench,140,4,5
2017-04-03,Power Upper,Barbell Bench,140,4,5
2017-04-09,Power Upper,Barbell Bench,140,4,5
2017-04-20,Power Upper,Barbell Bench,145,4,5
2017-04-24,Power Upper,Barbell Bench,145,4,5
2017-05-01,Power Upper,Barbell Bench,145,4,5
2017-05-09,Power Upper,Barbell Bench,145,4,5
2017-05-15,Power Upper,Barbell Bench,145,4,5
2017-06-01,Power Upper,Barbell Bench,135,4,5
2017-06-05,Power Upper,Barbell Bench,135,4,5
2017-06-12,Power Upper,Barbell Bench,140,4,5
2017-06-17,Power Upper,Barbell Bench,140,4,5
2017-06-26,Power Upper,Barbell Bench,145,4,5
2017-07-18,Power Upper,Barbell Bench,125,4,5
2017-07-25,Power Upper,Barbell Bench,135,4,5
2017-07-31,Power Upper,Barbell Bench,140,4,5
2017-08-10,Power Upper,Barbell Bench,140,4,5
2017-08-14,Power Upper,Barbell Bench,145,4,5
2017-08-21,Power Upper,Barbell Bench,145,4,5
2017-08-28,Power Upper,Barbell Bench,145,4,5
2017-09-07,Power Upper,Barbell Bench,150,4,5
2017-09-11,Power Upper,Barbell Bench,150,4,5
2017-09-19,Power Upper,Barbell Bench,150,4,5
2017-09-25,Power Upper,Barbell Bench,155,4,5
2017-10-04,Power Upper,Barbell Bench,155,4,5
2017-10-12,Power Upper,Barbell Bench,145,4,5
2017-10-19,Power Upper,Barbell Bench,155,4,5
2017-10-26,Power Upper,Barbell Bench,145,4,5
2017-11-06,Power Upper,Barbell Bench,145,4,5
2016-12-26,Power Upper,Incline Dumbbell Bench,35,3,10
2017-01-02,Power Upper,Incline Dumbbell Bench,35,3,10
2017-01-09,Power Upper,Incline Dumbbell Bench,35,3,10
2017-01-16,Power Upper,Incline Dumbbell Bench,40,3,10
2017-01-23,Power Upper,Incline Dumbbell Bench,40,3,10
2017-01-30,Power Upper,Incline Dumbbell Bench,40,4,10
2017-02-06,Power Upper,Incline Dumbbell Bench,40,4,10
2017-02-13,Power Upper,Incline Dumbbell Bench,40,4,10
2017-02-23,Power Upper,Incline Dumbbell Bench,40,4,10
2017-02-27,Power Upper,Incline Dumbbell Bench,45,4,8
2017-03-06,Power Upper,Incline Dumbbell Bench,45,4,10
2017-03-13,Power Upper,Incline Dumbbell Bench,45,4,10
2017-03-23,Power Upper,Incline Dumbbell Bench,45,4,10
2017-03-27,Power Upper,Incline Dumbbell Bench,45,4,10
2017-04-03,Power Upper,Incline Dumbbell Bench,50,4,8
2017-04-09,Power Upper,Incline Dumbbell Bench,50,4,8
2017-04-20,Power Upper,Incline Dumbbell Bench,50,4,8
2017-04-24,Power Upper,Incline Dumbbell Bench,50,4,8
2017-05-01,Power Upper,Incline Dumbbell Bench,50,4,10
2017-05-09,Power Upper,Incline Dumbbell Bench,50,4,10
2017-05-15,Power Upper,Incline Dumbbell Bench,50,4,10
2017-06-01,Power Upper,Incline Dumbbell Bench,40,4,10
2017-06-05,Power Upper,Incline Dumbbell Bench,40,4,10
2017-06-12,Power Upper,Incline Dumbbell Bench,45,4,10
2017-06-17,Power Upper,Incline Dumbbell Bench,45,4,10
2017-06-26,Power Upper,Incline Dumbbell Bench,45,4,10
2017-07-18,Power Upper,Incline Dumbbell Bench,40,4,10
2017-07-25,Power Upper,Incline Dumbbell Bench,40,4,10
2017-07-31,Power Upper,Incline Dumbbell Bench,45,4,10
2017-08-10,Power Upper,Incline Dumbbell Bench,45,4,10
2017-08-14,Power Upper,Incline Dumbbell Bench,50,4,8
2017-08-21,Power Upper,Incline Dumbbell Bench,50,4,9
2017-08-28,Power Upper,Incline Dumbbell Bench,50,4,8
2017-09-07,Power Upper,Incline Dumbbell Bench,50,4,9
2017-09-11,Power Upper,Incline Dumbbell Bench,50,4,10
2017-09-19,Power Upper,Incline Dumbbell Bench,50,4,10
2017-09-25,Power Upper,Incline Dumbbell Bench,50,4,10
2017-10-04,Power Upper,Incline Dumbbell Bench,55,4,8
2017-10-12,Power Upper,Incline Dumbbell Bench,50,4,10
2017-10-19,Power Upper,Incline Dumbbell Bench,55,4,8
2017-10-26,Power Upper,Incline Dumbbell Bench,55,4,8
2017-11-06,Power Upper,Incline Dumbbell Bench,50,4,10
2016-12-26,Power Upper,Bent Over Row,115,3,5
2017-01-02,Power Upper,Bent Over Row,120,3,5
2017-01-09,Power Upper,Bent Over Row,125,3,5
2017-01-16,Power Upper,Bent Over Row,125,4,5
2017-01-23,Power Upper,Bent Over Row,125,4,5
2017-01-30,Power Upper,Bent Over Row,115,4,5
2017-02-06,Power Upper,Bent Over Row,115,4,5
2017-02-13,Power Upper,Bent Over Row,115,4,5
2017-02-23,Power Upper,Bent Over Row,115,4,5
2017-02-27,Power Upper,Bent Over Row,125,4,5
2017-03-06,Power Upper,Bent Over Row,125,4,5
2017-03-13,Power Upper,Bent Over Row,125,4,5
2017-03-23,Power Upper,Bent Over Row,135,4,5
2017-03-27,Power Upper,Bent Over Row,135,4,5
2017-04-03,Power Upper,Bent Over Row,135,4,5
2017-04-09,Power Upper,Bent Over Row,135,4,5
2017-04-20,Power Upper,Bent Over Row,140,4,5
2017-04-24,Power Upper,Bent Over Row,140,4,5
2017-05-01,Power Upper,Bent Over Row,145,4,5
2017-05-09,Power Upper,Bent Over Row,145,4,5
2017-05-15,Power Upper,Bent Over Row,145,4,5
2017-06-01,Power Upper,Bent Over Row,115,4,5
2017-06-05,Power Upper,Bent Over Row,115,4,5
2017-06-12,Power Upper,Bent Over Row,120,4,5
2017-06-17,Power Upper,Bent Over Row,125,4,5
2017-06-26,Power Upper,Bent Over Row,130,4,5
2017-07-18,Power Upper,Bent Over Row,115,4,5
2017-07-25,Power Upper,Bent Over Row,120,4,5
2017-07-31,Power Upper,Bent Over Row,125,4,5
2017-08-10,Power Upper,Bent Over Row,125,4,5
2017-08-14,Power Upper,Bent Over Row,130,4,5
2017-08-21,Power Upper,Bent Over Row,135,4,5
2017-08-28,Power Upper,Bent Over Row,115,4,5
2017-09-07,Power Upper,Bent Over Row,125,4,5
2017-09-11,Power Upper,Bent Over Row,125,4,5
2017-09-19,Power Upper,Bent Over Row,130,4,5
2017-09-25,Power Upper,Bent Over Row,135,4,5
2017-10-04,Power Upper,Bent Over Row,135,4,5
2017-10-12,Power Upper,Bent Over Row,135,4,5
2017-10-19,Power Upper,Bent Over Row,135,4,5
2017-10-26,Power Upper,Bent Over Row,135,4,5
2017-11-06,Power Upper,Bent Over Row,135,4,5
2016-12-26,Power Upper,Lat Pull Down,45,3,10
2017-01-02,Power Upper,Lat Pull Down,50,3,10
2017-01-09,Power Upper,Lat Pull Down,50,3,10
2017-01-16,Power Upper,Lat Pull Down,50,3,10
2017-01-23,Power Upper,Lat Pull Down,50,3,10
2017-01-30,Power Upper,Lat Pull Down,50,4,10
2017-02-06,Power Upper,Lat Pull Down,55,4,10
2017-02-13,Power Upper,Lat Pull Down,50,4,10
2017-02-23,Power Upper,Lat Pull Down,55,4,10
2017-02-27,Power Upper,Lat Pull Down,60,4,10
2017-03-06,Power Upper,Lat Pull Down,60,4,10
2017-03-13,Power Upper,Lat Pull Down,60,4,10
2017-03-23,Power Upper,Lat Pull Down,60,4,10
2017-03-27,Power Upper,Lat Pull Down,60,4,10
2017-04-03,Power Upper,Lat Pull Down,60,4,10
2017-04-09,Power Upper,Lat Pull Down,60,4,10
2017-04-20,Power Upper,Lat Pull Down,70,4,8
2017-04-24,Power Upper,Lat Pull Down,70,4,8
2017-05-01,Power Upper,Lat Pull Down,70,4,8
2017-05-09,Power Upper,Lat Pull Down,70,4,8
2017-05-15,Power Upper,Lat Pull Down,70,4,9
2017-06-01,Power Upper,Lat Pull Down,60,4,10
2017-06-05,Power Upper,Lat Pull Down,60,4,10
2017-06-12,Power Upper,Lat Pull Down,60,4,10
2017-06-17,Power Upper,Lat Pull Down,60,4,10
2017-06-26,Power Upper,Lat Pull Down,60,4,10
2017-07-18,Power Upper,Lat Pull Down,50,4,10
2017-07-25,Power Upper,Lat Pull Down,55,4,10
2017-07-31,Power Upper,Lat Pull Down,55,4,10
2017-08-10,Power Upper,Lat Pull Down,55,4,10
2017-08-14,Power Upper,Lat Pull Down,60,4,10
2017-08-21,Power Upper,Lat Pull Down,60,4,10
2017-08-28,Power Upper,Lat Pull Down,60,4,10
2017-09-07,Power Upper,Lat Pull Down,65,4,10
2017-09-11,Power Upper,Lat Pull Down,65,4,10
2017-09-19,Power Upper,Lat Pull Down,65,4,10
2017-09-25,Power Upper,Lat Pull Down,70,4,10
2017-10-04,Power Upper,Lat Pull Down,70,4,8
2017-10-12,Power Upper,Lat Pull Down,60,4,10
2017-10-19,Power Upper,Lat Pull Down,60,4,10
2017-10-26,Power Upper,Lat Pull Down,60,4,10
2017-11-06,Power Upper,Lat Pull Down,60,4,10
2016-12-26,Power Upper,Overhead Press,60,2,8
2017-01-02,Power Upper,Overhead Press,60,2,8
2017-01-09,Power Upper,Overhead Press,60,2,8
2017-01-16,Power Upper,Overhead Press,60,2,8
2017-01-23,Power Upper,Overhead Press,60,3,8
2017-01-30,Power Upper,Overhead Press,60,3,8
2017-02-06,Power Upper,Overhead Press,70,3,6
2017-02-13,Power Upper,Overhead Press,70,3,8
2017-02-23,Power Upper,Overhead Press,70,3,7
2017-02-27,Power Upper,Overhead Press,70,3,7
2017-03-06,Power Upper,Overhead Press,60,3,8
2017-03-13,Power Upper,Overhead Press,60,3,8
2017-03-23,Power Upper,Overhead Press,70,3,6
2017-03-27,Power Upper,Overhead Press,70,3,7
2017-04-03,Power Upper,Overhead Press,70,3,8
2017-04-09,Power Upper,Overhead Press,70,3,8
2017-04-20,Power Upper,Overhead Press,70,3,8
2017-04-24,Power Upper,Overhead Press,70,3,8
2017-05-01,Power Upper,Overhead Press,70,3,8
2017-05-09,Power Upper,Overhead Press,70,3,7
2017-05-15,Power Upper,Overhead Press,70,3,6
2017-06-01,Power Upper,Overhead Press,60,3,8
2017-06-05,Power Upper,Overhead Press,60,3,8
2017-06-12,Power Upper,Overhead Press,60,3,8
2017-06-17,Power Upper,Overhead Press,60,3,8
2017-06-26,Power Upper,Overhead Press,70,3,6
2017-07-18,Power Upper,Overhead Press,60,3,8
2017-07-25,Power Upper,Overhead Press,60,3,8
2017-07-31,Power Upper,Overhead Press,60,3,8
2017-08-10,Power Upper,Overhead Press,60,3,8
2017-08-14,Power Upper,Overhead Press,60,3,8
2017-08-21,Power Upper,Overhead Press,70,3,6
2017-08-28,Power Upper,Overhead Press,70,3,8
2017-09-07,Power Upper,Overhead Press,70,3,8
2017-09-11,Power Upper,Overhead Press,70,3,7
2017-09-19,Power Upper,Overhead Press,70,3,7
2017-09-25,Power Upper,Overhead Press,70,3,8
2017-10-04,Power Upper,Overhead Press,70,3,7
2017-10-12,Power Upper,Overhead Press,60,3,8
2017-10-19,Power Upper,Overhead Press,60,3,8
2017-10-26,Power Upper,Overhead Press,60,3,8
2017-11-06,Power Upper,Overhead Press,60,3,8
2016-12-26,Power Upper,Barbell Curl,50,2,10
2017-01-02,Power Upper,Barbell Curl,50,2,10
2017-01-09,Power Upper,Barbell Curl,50,3,10
2017-01-16,Power Upper,Barbell Curl,50,3,10
2017-01-23,Power Upper,Barbell Curl,50,3,10
2017-01-30,Power Upper,Barbell Curl,50,3,10
2017-02-06,Power Upper,Barbell Curl,60,3,8
2017-02-13,Power Upper,Barbell Curl,60,3,10
2017-02-23,Power Upper,Barbell Curl,60,3,10
2017-02-27,Power Upper,Barbell Curl,60,3,10
2017-03-06,Power Upper,Barbell Curl,60,3,10
2017-03-13,Power Upper,Barbell Curl,60,3,10
2017-03-23,Power Upper,Barbell Curl,60,3,10
2017-03-27,Power Upper,Barbell Curl,60,3,10
2017-04-03,Power Upper,Barbell Curl,60,3,10
2017-04-09,Power Upper,Barbell Curl,60,3,10
2017-04-20,Power Upper,Barbell Curl,70,3,7
2017-04-24,Power Upper,Barbell Curl,70,3,8
2017-05-01,Power Upper,Barbell Curl,70,3,8
2017-05-09,Power Upper,Barbell Curl,70,3,8
2017-05-15,Power Upper,Barbell Curl,70,3,8
2017-06-01,Power Upper,Barbell Curl,60,3,10
2017-06-05,Power Upper,Barbell Curl,60,3,10
2017-06-12,Power Upper,Barbell Curl,60,3,10
2017-06-17,Power Upper,Barbell Curl,60,3,10
2017-06-26,Power Upper,Barbell Curl,60,3,10
2017-07-18,Power Upper,Barbell Curl,60,3,10
2017-07-25,Power Upper,Barbell Curl,50,3,10
2017-07-31,Power Upper,Barbell Curl,60,3,10
2017-08-10,Power Upper,Barbell Curl,60,3,10
2017-08-14,Power Upper,Barbell Curl,60,3,10
2017-08-21,Power Upper,Barbell Curl,60,3,10
2017-08-28,Power Upper,Barbell Curl,70,3,8
2017-09-07,Power Upper,Barbell Curl,70,3,9
2017-09-11,Power Upper,Barbell Curl,70,3,8
2017-09-19,Power Upper,Barbell Curl,70,3,9
2017-09-25,Power Upper,Barbell Curl,70,3,8
2017-10-04,Power Upper,Barbell Curl,70,3,9
2017-10-12,Power Upper,Barbell Curl,60,3,10
2017-10-19,Power Upper,Barbell Curl,60,3,10
2017-10-26,Power Upper,Barbell Curl,60,3,10
2017-11-06,Power Upper,Barbell Curl,60,3,10
2016-12-26,Power Upper,Skullcrushers,40,2,10
2017-01-02,Power Upper,Skullcrushers,40,2,10
2017-01-09,Power Upper,Skullcrushers,50,3,8
2017-01-16,Power Upper,Skullcrushers,50,3,10
2017-01-23,Power Upper,Skullcrushers,50,3,10
2017-01-30,Power Upper,Skullcrushers,50,3,10
2017-02-06,Power Upper,Skullcrushers,60,3,7
2017-02-13,Power Upper,Skullcrushers,60,3,8
2017-02-23,Power Upper,Skullcrushers,60,3,10
2017-02-27,Power Upper,Skullcrushers,60,3,10
2017-03-06,Power Upper,Skullcrushers,60,3,10
2017-03-13,Power Upper,Skullcrushers,60,3,10
2017-03-23,Power Upper,Skullcrushers,60,3,10
2017-03-27,Power Upper,Skullcrushers,60,3,10
2017-04-03,Power Upper,Skullcrushers,60,3,10
2017-04-09,Power Upper,Skullcrushers,60,3,10
2017-04-20,Power Upper,Skullcrushers,70,3,7
2017-04-24,Power Upper,Skullcrushers,70,3,8
2017-05-01,Power Upper,Skullcrushers,70,3,8
2017-05-09,Power Upper,Skullcrushers,70,3,9
2017-05-15,Power Upper,Skullcrushers,70,3,10
2017-06-01,Power Upper,Skullcrushers,60,3,10
2017-06-05,Power Upper,Skullcrushers,60,3,10
2017-06-12,Power Upper,Skullcrushers,60,3,10
2017-06-17,Power Upper,Skullcrushers,60,3,10
2017-06-26,Power Upper,Skullcrushers,70,3,10
2017-07-18,Power Upper,Skullcrushers,60,3,10
2017-07-25,Power Upper,Skullcrushers,60,3,10
2017-07-31,Power Upper,Skullcrushers,60,3,10
2017-08-10,Power Upper,Skullcrushers,60,3,10
2017-08-14,Power Upper,Skullcrushers,70,3,10
2017-08-21,Power Upper,Skullcrushers,70,3,10
2017-08-28,Power Upper,Skullcrushers,70,3,10
2017-09-07,Power Upper,Skullcrushers,70,3,10
2017-09-11,Power Upper,Skullcrushers,70,3,10
2017-09-19,Power Upper,Skullcrushers,70,3,10
2017-09-25,Power Upper,Skullcrushers,70,3,10
2017-10-04,Power Upper,Skullcrushers,70,3,10
2017-10-12,Power Upper,Skullcrushers,60,3,10
2017-10-19,Power Upper,Skullcrushers,60,3,10
2017-10-26,Power Upper,Skullcrushers,60,3,10
2017-11-06,Power Upper,Skullcrushers,60,3,10
2016-12-27,Power Lower,Squats,155,3,5
2017-01-03,Power Lower,Squats,165,3,5
2017-01-10,Power Lower,Squats,175,3,5
2017-01-17,Power Lower,Squats,175,4,5
2017-01-24,Power Lower,Squats,180,4,5
2017-01-31,Power Lower,Squats,185,4,5
2017-02-07,Power Lower,Squats,185,4,5
2017-02-14,Power Lower,Squats,185,4,5
2017-02-21,Power Lower,Squats,190,4,5
2017-02-28,Power Lower,Squats,190,4,5
2017-03-07,Power Lower,Squats,190,4,5
2017-03-14,Power Lower,Squats,185,4,5
2017-03-22,Power Lower,Squats,165,4,5
2017-03-28,Power Lower,Squats,185,4,5
2017-04-04,Power Lower,Squats,185,4,5
2017-04-10,Power Lower,Squats,190,4,5
2017-04-18,Power Lower,Squats,190,4,5
2017-04-25,Power Lower,Squats,190,4,5
2017-05-02,Power Lower,Squats,165,4,5
2017-05-10,Power Lower,Squats,195,4,5
2017-05-16,Power Lower,Squats,195,4,5
2017-05-30,Power Lower,Squats,165,4,5
2017-06-06,Power Lower,Squats,175,4,5
2017-06-13,Power Lower,Squats,185,4,5
2017-06-20,Power Lower,Squats,195,4,5
2017-06-27,Power Lower,Squats,200,4,5
2017-07-19,Power Lower,Squats,165,4,5
2017-07-27,Power Lower,Squats,175,4,5
2017-08-02,Power Lower,Squats,180,4,5
2017-08-08,Power Lower,Squats,185,4,5
2017-08-15,Power Lower,Squats,190,4,5
2017-08-22,Power Lower,Squats,190,4,5
2017-08-29,Power Lower,Squats,190,4,5
2017-09-05,Power Lower,Squats,195,4,5
2017-09-12,Power Lower,Squats,185,4,5
2017-09-18,Power Lower,Squats,190,4,5
2017-09-26,Power Lower,Squats,195,4,5
2017-10-06,Power Lower,Squats,195,4,5
2017-10-13,Power Lower,Squats,185,4,5
2017-10-20,Power Lower,Squats,190,4,5
2017-10-30,Power Lower,Squats,175,4,5
2017-11-07,Power Lower,Squats,185,4,5
2016-12-27,Power Lower,Deadlift,185,3,5
2017-01-03,Power Lower,Deadlift,195,3,5
2017-01-10,Power Lower,Deadlift,205,3,5
2017-01-17,Power Lower,Deadlift,205,4,5
2017-01-24,Power Lower,Deadlift,205,4,5
2017-01-31,Power Lower,Deadlift,215,4,5
2017-02-07,Power Lower,Deadlift,215,4,5
2017-02-14,Power Lower,Deadlift,215,4,5
2017-02-21,Power Lower,Deadlift,225,4,5
2017-02-28,Power Lower,Deadlift,225,4,5
2017-03-07,Power Lower,Deadlift,225,4,5
2017-03-14,Power Lower,Deadlift,205,4,5
2017-03-22,Power Lower,Deadlift,205,4,5
2017-03-28,Power Lower,Deadlift,225,4,5
2017-04-04,Power Lower,Deadlift,225,4,5
2017-04-10,Power Lower,Deadlift,230,4,5
2017-04-18,Power Lower,Deadlift,235,4,5
2017-04-25,Power Lower,Deadlift,240,4,5
2017-05-02,Power Lower,Deadlift,245,4,5
2017-05-10,Power Lower,Deadlift,245,4,5
2017-05-16,Power Lower,Deadlift,235,4,5
2017-05-30,Power Lower,Deadlift,205,4,5
2017-06-06,Power Lower,Deadlift,215,4,5
2017-06-13,Power Lower,Deadlift,225,4,5
2017-06-20,Power Lower,Deadlift,225,4,5
2017-06-27,Power Lower,Deadlift,235,4,5
2017-07-19,Power Lower,Deadlift,185,4,5
2017-07-27,Power Lower,Deadlift,195,4,5
2017-08-02,Power Lower,Deadlift,200,4,5
2017-08-08,Power Lower,Deadlift,195,4,5
2017-08-15,Power Lower,Deadlift,200,4,5
2017-08-22,Power Lower,Deadlift,205,4,5
2017-08-29,Power Lower,Deadlift,210,4,5
2017-09-05,Power Lower,Deadlift,215,4,4
2017-09-12,Power Lower,Deadlift,215,4,5
2017-09-18,Power Lower,Deadlift,205,4,5
2017-09-26,Power Lower,Deadlift,215,4,5
2017-10-06,Power Lower,Deadlift,225,3,5
2017-10-13,Power Lower,Deadlift,225,3,5
2017-10-20,Power Lower,Deadlift,225,3,5
2017-10-30,Power Lower,Deadlift,225,3,5
2017-11-07,Power Lower,Deadlift,235,3,5
2016-12-27,Power Lower,Leg Press,140,3,10
2017-01-03,Power Lower,Leg Press,150,3,10
2017-01-10,Power Lower,Leg Press,160,3,10
2017-01-17,Power Lower,Leg Press,160,4,10
2017-01-24,Power Lower,Leg Press,160,4,12
2017-01-31,Power Lower,Leg Press,160,4,12
2017-02-07,Power Lower,Leg Press,160,4,14
2017-02-14,Power Lower,Leg Press,160,4,15
2017-02-21,Power Lower,Leg Press,160,4,15
2017-02-28,Power Lower,Leg Press,160,4,15
2017-03-07,Power Lower,Leg Press,180,4,10
2017-03-14,Power Lower,Leg Press,180,4,10
2017-03-22,Power Lower,Leg Press,180,4,10
2017-03-28,Power Lower,Leg Press,230,4,8
2017-04-04,Power Lower,Leg Press,230,4,8
2017-04-10,Power Lower,Leg Press,230,4,8
2017-04-18,Power Lower,Leg Press,230,4,9
2017-04-25,Power Lower,Leg Press,230,4,10
2017-05-02,Power Lower,Leg Press,230,4,10
2017-05-10,Power Lower,Leg Press,230,4,10
2017-05-16,Power Lower,Leg Press,230,4,10
2017-05-30,Power Lower,Leg Press,180,4,10
2017-06-06,Power Lower,Leg Press,180,4,10
2017-06-13,Power Lower,Leg Press,180,4,12
2017-06-20,Power Lower,Leg Press,180,4,13
2017-06-27,Power Lower,Leg Press,180,4,13
2017-07-19,Power Lower,Leg Press,140,4,15
2017-07-27,Power Lower,Leg Press,150,4,15
2017-08-02,Power Lower,Leg Press,150,4,15
2017-08-08,Power Lower,Leg Press,150,4,15
2017-08-15,Power Lower,Leg Press,150,4,15
2017-08-22,Power Lower,Leg Press,150,4,15
2017-08-29,Power Lower,Leg Press,150,4,15
2017-09-05,Power Lower,Leg Press,180,4,10
2017-09-12,Power Lower,Leg Press,180,4,12
2017-09-18,Power Lower,Leg Press,180,4,13
2017-09-26,Power Lower,Leg Press,180,4,15
2017-10-06,Power Lower,Leg Press,180,4,15
2017-10-13,Power Lower,Leg Press,180,4,15
2017-10-20,Power Lower,Leg Press,230,4,10
2017-10-30,Power Lower,Leg Press,230,4,10
2017-11-07,Power Lower,Leg Press,230,4,10
2016-12-27,Power Lower,Leg Curl,50,3,10
2017-01-03,Power Lower,Leg Curl,50,3,10
2017-01-10,Power Lower,Leg Curl,55,3,10
2017-01-17,Power Lower,Leg Curl,55,3,10
2017-01-24,Power Lower,Leg Curl,55,4,10
2017-01-31,Power Lower,Leg Curl,55,4,10
2017-02-07,Power Lower,Leg Curl,55,4,10
2017-02-14,Power Lower,Leg Curl,55,4,10
2017-02-21,Power Lower,Leg Curl,55,4,10
2017-02-28,Power Lower,Leg Curl,55,4,10
2017-03-07,Power Lower,Leg Curl,60,4,10
2017-03-14,Power Lower,Leg Curl,65,4,10
2017-03-22,Power Lower,Leg Curl,65,4,10
2017-03-28,Power Lower,Leg Curl,65,4,10
2017-04-04,Power Lower,Leg Curl,70,4,8
2017-04-10,Power Lower,Leg Curl,70,4,8
2017-04-18,Power Lower,Leg Curl,70,4,10
2017-04-25,Power Lower,Leg Curl,70,4,10
2017-05-02,Power Lower,Leg Curl,70,4,10
2017-05-10,Power Lower,Leg Curl,70,4,10
2017-05-16,Power Lower,Leg Curl,75,4,10
2017-05-30,Power Lower,Leg Curl,65,4,10
2017-06-06,Power Lower,Leg Curl,70,4,10
2017-06-13,Power Lower,Leg Curl,70,4,10
2017-06-20,Power Lower,Leg Curl,75,4,10
2017-06-27,Power Lower,Leg Curl,75,4,10
2017-07-19,Power Lower,Leg Curl,60,4,10
2017-07-27,Power Lower,Leg Curl,60,4,10
2017-08-02,Power Lower,Leg Curl,70,4,10
2017-08-08,Power Lower,Leg Curl,75,4,10
2017-08-15,Power Lower,Leg Curl,80,4,10
2017-08-22,Power Lower,Leg Curl,85,4,10
2017-08-29,Power Lower,Leg Curl,90,4,10
2017-09-05,Power Lower,Leg Curl,95,4,10
2017-09-12,Power Lower,Leg Curl,95,4,10
2017-09-18,Power Lower,Leg Curl,100,4,10
2017-09-26,Power Lower,Leg Curl,100,4,10
2017-10-06,Power Lower,Leg Curl,100,4,10
2017-10-13,Power Lower,Leg Curl,100,4,10
2017-10-20,Power Lower,Leg Curl,105,4,10
2017-10-30,Power Lower,Leg Curl,105,4,10
2017-11-07,Power Lower,Leg Curl,105,4,10
2016-12-27,Power Lower,Standing Calf Raise,135,3,8
2017-01-03,Power Lower,Standing Calf Raise,135,3,8
2017-01-10,Power Lower,Standing Calf Raise,135,3,10
2017-01-17,Power Lower,Standing Calf Raise,140,4,10
2017-01-24,Power Lower,Standing Calf Raise,140,4,10
2017-01-31,Power Lower,Standing Calf Raise,145,4,10
2017-02-07,Power Lower,Standing Calf Raise,150,4,10
2017-02-14,Power Lower,Standing Calf Raise,155,4,10
2017-02-21,Power Lower,Standing Calf Raise,155,4,10
2017-02-28,Power Lower,Standing Calf Raise,155,4,10
2017-03-07,Power Lower,Standing Calf Raise,155,4,10
2017-03-14,Power Lower,Standing Calf Raise,175,4,8
2017-03-22,Power Lower,Standing Calf Raise,175,4,10
2017-03-28,Power Lower,Standing Calf Raise,175,4,10
2017-04-04,Power Lower,Standing Calf Raise,175,4,10
2017-04-10,Power Lower,Standing Calf Raise,175,4,10
2017-04-18,Power Lower,Standing Calf Raise,180,4,10
2017-04-25,Power Lower,Standing Calf Raise,180,4,10
2017-05-02,Power Lower,Standing Calf Raise,175,4,10
2017-05-10,Power Lower,Standing Calf Raise,175,4,10
2017-05-16,Power Lower,Standing Calf Raise,195,4,10
2017-05-30,Power Lower,Standing Calf Raise,175,4,10
2017-06-06,Power Lower,Standing Calf Raise,175,4,10
2017-06-13,Power Lower,Standing Calf Raise,180,4,10
2017-06-20,Power Lower,Standing Calf Raise,180,4,10
2017-06-27,Power Lower,Standing Calf Raise,180,4,10
2017-07-19,Power Lower,Standing Calf Raise,100,4,10
2017-07-27,Power Lower,Standing Calf Raise,110,4,10
2017-08-02,Power Lower,Standing Calf Raise,115,4,10
2017-08-08,Power Lower,Standing Calf Raise,115,4,10
2017-08-15,Power Lower,Standing Calf Raise,110,4,10
2017-08-22,Power Lower,Standing Calf Raise,120,4,10
2017-08-29,Power Lower,Standing Calf Raise,125,4,10
2017-09-05,Power Lower,Standing Calf Raise,125,4,10
2017-09-12,Power Lower,Standing Calf Raise,125,4,10
2017-09-18,Power Lower,Standing Calf Raise,130,4,10
2017-09-26,Power Lower,Standing Calf Raise,130,4,10
2017-10-06,Power Lower,Standing Calf Raise,130,4,10
2017-10-13,Power Lower,Standing Calf Raise,130,4,10
2017-10-20,Power Lower,Standing Calf Raise,130,4,10
2017-10-30,Power Lower,Standing Calf Raise,130,4,10
2017-11-07,Power Lower,Standing Calf Raise,130,4,10
2016-12-29,Hypertrophy Upper,Incline Barbell Bench,10,3,12
2017-01-05,Hypertrophy Upper,Incline Barbell Bench,10,3,12
2017-01-12,Hypertrophy Upper,Incline Barbell Bench,12.5,3,12
2017-01-19,Hypertrophy Upper,Incline Barbell Bench,12.5,4,12
2017-01-26,Hypertrophy Upper,Incline Barbell Bench,15,4,12
2017-02-02,Hypertrophy Upper,Incline Barbell Bench,15,4,12
2017-02-09,Hypertrophy Upper,Incline Barbell Bench,15,4,12
2017-02-16,Hypertrophy Upper,Incline Barbell Bench,17.5,4,12
2017-02-20,Hypertrophy Upper,Incline Barbell Bench,17.5,4,12
2017-03-02,Hypertrophy Upper,Incline Barbell Bench,17.5,4,12
2017-03-09,Hypertrophy Upper,Incline Barbell Bench,20,4,12
2017-03-16,Hypertrophy Upper,Incline Barbell Bench,20,4,12
2017-03-19,Hypertrophy Upper,Incline Barbell Bench,20,4,12
2017-03-30,Hypertrophy Upper,Incline Barbell Bench,20,4,12
2017-04-06,Hypertrophy Upper,Incline Barbell Bench,25,4,8
2017-04-12,Hypertrophy Upper,Incline Barbell Bench,25,4,8
2017-04-17,Hypertrophy Upper,Incline Barbell Bench,25,4,8
2017-04-27,Hypertrophy Upper,Incline Barbell Bench,25,4,10
2017-05-04,Hypertrophy Upper,Incline Barbell Bench,25,4,8
2017-05-11,Hypertrophy Upper,Incline Barbell Bench,25,4,8
2017-05-18,Hypertrophy Upper,Incline Barbell Bench,30,4,10
2017-05-29,Hypertrophy Upper,Incline Barbell Bench,20,4,12
2017-06-08,Hypertrophy Upper,Incline Barbell Bench,20,4,12
2017-06-15,Hypertrophy Upper,Incline Barbell Bench,22.5,4,12
2017-06-22,Hypertrophy Upper,Incline Barbell Bench,25,4,12
2017-06-29,Hypertrophy Upper,Incline Barbell Bench,25,4,12
2017-07-22,Hypertrophy Upper,Incline Barbell Bench,20,4,10
2017-07-28,Hypertrophy Upper,Incline Barbell Bench,20,4,12
2017-08-03,Hypertrophy Upper,Incline Barbell Bench,22.5,4,12
2017-08-07,Hypertrophy Upper,Incline Barbell Bench,20,4,12
2017-08-17,Hypertrophy Upper,Incline Barbell Bench,22.5,4,12
2017-08-24,Hypertrophy Upper,Incline Barbell Bench,25,4,12
2017-08-31,Hypertrophy Upper,Incline Barbell Bench,27.5,4,12
2017-09-04,Hypertrophy Upper,Incline Barbell Bench,27.5,4,10
2017-09-14,Hypertrophy Upper,Incline Barbell Bench,27.5,4,12
2017-09-21,Hypertrophy Upper,Incline Barbell Bench,27.5,4,12
2017-09-27,Hypertrophy Upper,Incline Barbell Bench,27.5,4,12
2017-10-07,Hypertrophy Upper,Incline Barbell Bench,27.5,4,12
2017-10-16,Hypertrophy Upper,Incline Barbell Bench,30,4,10
2017-10-23,Hypertrophy Upper,Incline Barbell Bench,30,4,10
2017-10-31,Hypertrophy Upper,Incline Barbell Bench,30,4,10
2016-12-29,Hypertrophy Upper,Flat Bench Dumbbell Fly,15,3,12
2017-01-05,Hypertrophy Upper,Flat Bench Dumbbell Fly,17.5,3,12
2017-01-12,Hypertrophy Upper,Flat Bench Dumbbell Fly,20,3,12
2017-01-19,Hypertrophy Upper,Flat Bench Dumbbell Fly,20,4,12
2017-01-26,Hypertrophy Upper,Flat Bench Dumbbell Fly,22.5,4,12
2017-02-02,Hypertrophy Upper,Flat Bench Dumbbell Fly,25,4,12
2017-02-09,Hypertrophy Upper,Flat Bench Dumbbell Fly,25,4,12
2017-02-16,Hypertrophy Upper,Flat Bench Dumbbell Fly,25,4,12
2017-02-20,Hypertrophy Upper,Flat Bench Dumbbell Fly,25,4,12
2017-03-02,Hypertrophy Upper,Flat Bench Dumbbell Fly,30,4,10
2017-03-09,Hypertrophy Upper,Flat Bench Dumbbell Fly,30,4,10
2017-03-16,Hypertrophy Upper,Flat Bench Dumbbell Fly,30,4,12
2017-03-19,Hypertrophy Upper,Flat Bench Dumbbell Fly,30,4,12
2017-03-30,Hypertrophy Upper,Flat Bench Dumbbell Fly,30,4,12
2017-04-06,Hypertrophy Upper,Flat Bench Dumbbell Fly,35,4,10
2017-04-12,Hypertrophy Upper,Flat Bench Dumbbell Fly,35,4,10
2017-04-17,Hypertrophy Upper,Flat Bench Dumbbell Fly,35,4,12
2017-04-27,Hypertrophy Upper,Flat Bench Dumbbell Fly,35,4,12
2017-05-04,Hypertrophy Upper,Flat Bench Dumbbell Fly,35,4,12
2017-05-11,Hypertrophy Upper,Flat Bench Dumbbell Fly,35,4,12
2017-05-18,Hypertrophy Upper,Flat Bench Dumbbell Fly,30,4,12
2017-05-29,Hypertrophy Upper,Flat Bench Dumbbell Fly,25,4,12
2017-06-08,Hypertrophy Upper,Flat Bench Dumbbell Fly,30,4,12
2017-06-15,Hypertrophy Upper,Flat Bench Dumbbell Fly,30,4,12
2017-06-22,Hypertrophy Upper,Flat Bench Dumbbell Fly,35,4,12
2017-06-29,Hypertrophy Upper,Flat Bench Dumbbell Fly,35,4,12
2017-07-22,Hypertrophy Upper,Flat Bench Dumbbell Fly,30,4,12
2017-07-28,Hypertrophy Upper,Flat Bench Dumbbell Fly,30,4,12
2017-08-03,Hypertrophy Upper,Flat Bench Dumbbell Fly,35,4,12
2017-08-07,Hypertrophy Upper,Flat Bench Dumbbell Fly,35,4,12
2017-08-17,Hypertrophy Upper,Flat Bench Dumbbell Fly,35,4,12
2017-08-24,Hypertrophy Upper,Flat Bench Dumbbell Fly,35,4,12
2017-08-31,Hypertrophy Upper,Flat Bench Dumbbell Fly,35,4,12
2017-09-04,Hypertrophy Upper,Flat Bench Dumbbell Fly,35,4,12
2017-09-14,Hypertrophy Upper,Flat Bench Dumbbell Fly,35,4,12
2017-09-21,Hypertrophy Upper,Flat Bench Dumbbell Fly,35,4,12
2017-09-27,Hypertrophy Upper,Flat Bench Dumbbell Fly,35,4,12
2017-10-07,Hypertrophy Upper,Flat Bench Dumbbell Fly,35,4,12
2017-10-16,Hypertrophy Upper,Flat Bench Dumbbell Fly,35,4,12
2017-10-23,Hypertrophy Upper,Flat Bench Dumbbell Fly,35,4,12
2017-10-31,Hypertrophy Upper,Flat Bench Dumbbell Fly,35,4,12
2016-12-29,Hypertrophy Upper,One Arm Dumbbell Row,35,3,10
2017-01-05,Hypertrophy Upper,One Arm Dumbbell Row,35,3,10
2017-01-12,Hypertrophy Upper,One Arm Dumbbell Row,35,3,12
2017-01-19,Hypertrophy Upper,One Arm Dumbbell Row,35,4,12
2017-01-26,Hypertrophy Upper,One Arm Dumbbell Row,35,4,12
2017-02-02,Hypertrophy Upper,One Arm Dumbbell Row,35,4,12
2017-02-09,Hypertrophy Upper,One Arm Dumbbell Row,35,4,12
2017-02-16,Hypertrophy Upper,One Arm Dumbbell Row,40,4,12
2017-02-20,Hypertrophy Upper,One Arm Dumbbell Row,40,4,12
2017-03-02,Hypertrophy Upper,One Arm Dumbbell Row,40,4,12
2017-03-09,Hypertrophy Upper,One Arm Dumbbell Row,40,4,12
2017-03-16,Hypertrophy Upper,One Arm Dumbbell Row,45,4,10
2017-03-19,Hypertrophy Upper,One Arm Dumbbell Row,45,4,12
2017-03-30,Hypertrophy Upper,One Arm Dumbbell Row,45,4,12
2017-04-06,Hypertrophy Upper,One Arm Dumbbell Row,50,4,12
2017-04-12,Hypertrophy Upper,One Arm Dumbbell Row,50,4,12
2017-04-17,Hypertrophy Upper,One Arm Dumbbell Row,50,4,12
2017-04-27,Hypertrophy Upper,One Arm Dumbbell Row,55,4,12
2017-05-04,Hypertrophy Upper,One Arm Dumbbell Row,45,4,10
2017-05-11,Hypertrophy Upper,One Arm Dumbbell Row,50,4,12
2017-05-18,Hypertrophy Upper,One Arm Dumbbell Row,55,4,12
2017-05-29,Hypertrophy Upper,One Arm Dumbbell Row,40,4,12
2017-06-08,Hypertrophy Upper,One Arm Dumbbell Row,45,4,12
2017-06-15,Hypertrophy Upper,One Arm Dumbbell Row,50,4,12
2017-06-22,Hypertrophy Upper,One Arm Dumbbell Row,50,4,12
2017-06-29,Hypertrophy Upper,One Arm Dumbbell Row,50,4,12
2017-07-22,Hypertrophy Upper,One Arm Dumbbell Row,40,4,12
2017-07-28,Hypertrophy Upper,One Arm Dumbbell Row,45,4,12
2017-08-03,Hypertrophy Upper,One Arm Dumbbell Row,45,4,12
2017-08-07,Hypertrophy Upper,One Arm Dumbbell Row,45,4,12
2017-08-17,Hypertrophy Upper,One Arm Dumbbell Row,50,4,12
2017-08-24,Hypertrophy Upper,One Arm Dumbbell Row,50,4,12
2017-08-31,Hypertrophy Upper,One Arm Dumbbell Row,50,4,12
2017-09-04,Hypertrophy Upper,One Arm Dumbbell Row,50,4,12
2017-09-14,Hypertrophy Upper,One Arm Dumbbell Row,50,4,12
2017-09-21,Hypertrophy Upper,One Arm Dumbbell Row,50,4,12
2017-09-27,Hypertrophy Upper,One Arm Dumbbell Row,50,4,12
2017-10-07,Hypertrophy Upper,One Arm Dumbbell Row,50,4,12
2017-10-16,Hypertrophy Upper,One Arm Dumbbell Row,55,4,12
2017-10-23,Hypertrophy Upper,One Arm Dumbbell Row,55,4,12
2017-10-31,Hypertrophy Upper,One Arm Dumbbell Row,55,4,12
2016-12-29,Hypertrophy Upper,Dumbbell Lateral Raise,12.5,3,12
2017-01-05,Hypertrophy Upper,Dumbbell Lateral Raise,15,3,10
2017-01-12,Hypertrophy Upper,Dumbbell Lateral Raise,15,3,10
2017-01-19,Hypertrophy Upper,Dumbbell Lateral Raise,15,3,12
2017-01-26,Hypertrophy Upper,Dumbbell Lateral Raise,15,3,12
2017-02-02,Hypertrophy Upper,Dumbbell Lateral Raise,15,4,12
2017-02-09,Hypertrophy Upper,Dumbbell Lateral Raise,15,4,12
2017-02-16,Hypertrophy Upper,Dumbbell Lateral Raise,15,4,12
2017-02-20,Hypertrophy Upper,Dumbbell Lateral Raise,15,4,12
2017-03-02,Hypertrophy Upper,Dumbbell Lateral Raise,15,4,12
2017-03-09,Hypertrophy Upper,Dumbbell Lateral Raise,15,4,12
2017-03-16,Hypertrophy Upper,Dumbbell Lateral Raise,17.5,4,8
2017-03-19,Hypertrophy Upper,Dumbbell Lateral Raise,15,4,12
2017-03-30,Hypertrophy Upper,Dumbbell Lateral Raise,15,4,12
2017-04-06,Hypertrophy Upper,Dumbbell Lateral Raise,17.5,4,8
2017-04-12,Hypertrophy Upper,Dumbbell Lateral Raise,20,4,8
2017-04-17,Hypertrophy Upper,Dumbbell Lateral Raise,20,4,8
2017-04-27,Hypertrophy Upper,Dumbbell Lateral Raise,15,4,12
2017-05-04,Hypertrophy Upper,Dumbbell Lateral Raise,15,4,12
2017-05-11,Hypertrophy Upper,Dumbbell Lateral Raise,15,4,12
2017-05-18,Hypertrophy Upper,Dumbbell Lateral Raise,15,4,12
2017-05-29,Hypertrophy Upper,Dumbbell Lateral Raise,15,4,12
2017-06-08,Hypertrophy Upper,Dumbbell Lateral Raise,15,4,12
2017-06-15,Hypertrophy Upper,Dumbbell Lateral Raise,15,4,12
2017-06-22,Hypertrophy Upper,Dumbbell Lateral Raise,15,4,12
2017-06-29,Hypertrophy Upper,Dumbbell Lateral Raise,15,4,12
2017-07-22,Hypertrophy Upper,Dumbbell Lateral Raise,12,4,12
2017-07-28,Hypertrophy Upper,Dumbbell Lateral Raise,12.5,4,12
2017-08-03,Hypertrophy Upper,Dumbbell Lateral Raise,15,4,12
2017-08-07,Hypertrophy Upper,Dumbbell Lateral Raise,15,4,12
2017-08-17,Hypertrophy Upper,Dumbbell Lateral Raise,15,4,12
2017-08-24,Hypertrophy Upper,Dumbbell Lateral Raise,15,4,12
2017-08-31,Hypertrophy Upper,Dumbbell Lateral Raise,15,4,12
2017-09-04,Hypertrophy Upper,Dumbbell Lateral Raise,15,4,12
2017-09-14,Hypertrophy Upper,Dumbbell Lateral Raise,15,4,12
2017-09-21,Hypertrophy Upper,Dumbbell Lateral Raise,15,4,12
2017-09-27,Hypertrophy Upper,Dumbbell Lateral Raise,15,4,12
2017-10-07,Hypertrophy Upper,Dumbbell Lateral Raise,15,4,12
2017-10-16,Hypertrophy Upper,Dumbbell Lateral Raise,15,4,12
2017-10-23,Hypertrophy Upper,Dumbbell Lateral Raise,15,4,12
2017-10-31,Hypertrophy Upper,Dumbbell Lateral Raise,15,4,12
2016-12-29,Hypertrophy Upper,Incline Dumbbell Curl,20,3,10
2017-01-05,Hypertrophy Upper,Incline Dumbbell Curl,20,3,10
2017-01-12,Hypertrophy Upper,Incline Dumbbell Curl,20,3,10
2017-01-19,Hypertrophy Upper,Incline Dumbbell Curl,20,3,12
2017-01-26,Hypertrophy Upper,Incline Dumbbell Curl,20,3,12
2017-02-02,Hypertrophy Upper,Incline Dumbbell Curl,20,4,12
2017-02-09,Hypertrophy Upper,Incline Dumbbell Curl,20,4,12
2017-02-16,Hypertrophy Upper,Incline Dumbbell Curl,20,4,12
2017-02-20,Hypertrophy Upper,Incline Dumbbell Curl,20,4,12
2017-03-02,Hypertrophy Upper,Incline Dumbbell Curl,20,4,12
2017-03-09,Hypertrophy Upper,Incline Dumbbell Curl,20,4,12
2017-03-16,Hypertrophy Upper,Incline Dumbbell Curl,22.5,4,8
2017-03-19,Hypertrophy Upper,Incline Dumbbell Curl,20,4,12
2017-03-30,Hypertrophy Upper,Incline Dumbbell Curl,20,4,12
2017-04-06,Hypertrophy Upper,Incline Dumbbell Curl,22.5,4,8
2017-04-12,Hypertrophy Upper,Incline Dumbbell Curl,25,4,8
2017-04-17,Hypertrophy Upper,Incline Dumbbell Curl,25,4,8
2017-04-27,Hypertrophy Upper,Incline Dumbbell Curl,22.5,4,10
2017-05-04,Hypertrophy Upper,Incline Dumbbell Curl,20,4,12
2017-05-11,Hypertrophy Upper,Incline Dumbbell Curl,20,4,12
2017-05-18,Hypertrophy Upper,Incline Dumbbell Curl,20,4,12
2017-05-29,Hypertrophy Upper,Incline Dumbbell Curl,20,4,12
2017-06-08,Hypertrophy Upper,Incline Dumbbell Curl,20,4,12
2017-06-15,Hypertrophy Upper,Incline Dumbbell Curl,20,4,12
2017-06-22,Hypertrophy Upper,Incline Dumbbell Curl,20,4,12
2017-06-29,Hypertrophy Upper,Incline Dumbbell Curl,20,4,12
2017-07-22,Hypertrophy Upper,Incline Dumbbell Curl,15,4,12
2017-07-28,Hypertrophy Upper,Incline Dumbbell Curl,17.5,4,12
2017-08-03,Hypertrophy Upper,Incline Dumbbell Curl,20,4,12
2017-08-07,Hypertrophy Upper,Incline Dumbbell Curl,20,4,12
2017-08-17,Hypertrophy Upper,Incline Dumbbell Curl,20,4,12
2017-08-24,Hypertrophy Upper,Incline Dumbbell Curl,20,4,12
2017-08-31,Hypertrophy Upper,Incline Dumbbell Curl,25,4,8
2017-09-04,Hypertrophy Upper,Incline Dumbbell Curl,25,4,10
2017-09-14,Hypertrophy Upper,Incline Dumbbell Curl,25,4,10
2017-09-21,Hypertrophy Upper,Incline Dumbbell Curl,25,4,12
2017-09-27,Hypertrophy Upper,Incline Dumbbell Curl,25,4,12
2017-10-07,Hypertrophy Upper,Incline Dumbbell Curl,25,4,10
2017-10-16,Hypertrophy Upper,Incline Dumbbell Curl,25,4,10
2017-10-23,Hypertrophy Upper,Incline Dumbbell Curl,25,4,12
2017-10-31,Hypertrophy Upper,Incline Dumbbell Curl,25,4,12
2016-12-29,Hypertrophy Upper,Cable Tricep Extension,30,3,12
2017-01-05,Hypertrophy Upper,Cable Tricep Extension,40,3,12
2017-01-12,Hypertrophy Upper,Cable Tricep Extension,40,3,12
2017-01-19,Hypertrophy Upper,Cable Tricep Extension,40,3,12
2017-01-26,Hypertrophy Upper,Cable Tricep Extension,45,3,12
2017-02-02,Hypertrophy Upper,Cable Tricep Extension,45,4,12
2017-02-09,Hypertrophy Upper,Cable Tricep Extension,45,4,12
2017-02-16,Hypertrophy Upper,Cable Tricep Extension,45,4,12
2017-02-20,Hypertrophy Upper,Cable Tricep Extension,45,4,12
2017-03-02,Hypertrophy Upper,Cable Tricep Extension,45,4,12
2017-03-09,Hypertrophy Upper,Cable Tricep Extension,45,4,12
2017-03-16,Hypertrophy Upper,Cable Tricep Extension,50,4,10
2017-03-19,Hypertrophy Upper,Cable Tricep Extension,50,4,10
2017-03-30,Hypertrophy Upper,Cable Tricep Extension,50,4,12
2017-04-06,Hypertrophy Upper,Cable Tricep Extension,50,4,12
2017-04-12,Hypertrophy Upper,Cable Tricep Extension,50,4,12
2017-04-17,Hypertrophy Upper,Cable Tricep Extension,50,4,12
2017-04-27,Hypertrophy Upper,Cable Tricep Extension,50,4,12
2017-05-04,Hypertrophy Upper,Cable Tricep Extension,50,4,12
2017-05-11,Hypertrophy Upper,Cable Tricep Extension,50,4,12
2017-05-18,Hypertrophy Upper,Cable Tricep Extension,55,4,12
2017-05-29,Hypertrophy Upper,Cable Tricep Extension,45,4,12
2017-06-08,Hypertrophy Upper,Cable Tricep Extension,45,4,12
2017-06-15,Hypertrophy Upper,Cable Tricep Extension,50,4,12
2017-06-22,Hypertrophy Upper,Cable Tricep Extension,50,4,12
2017-06-29,Hypertrophy Upper,Cable Tricep Extension,60,4,12
2017-07-22,Hypertrophy Upper,Cable Tricep Extension,50,4,12
2017-07-28,Hypertrophy Upper,Cable Tricep Extension,50,4,12
2017-08-03,Hypertrophy Upper,Cable Tricep Extension,50,4,12
2017-08-07,Hypertrophy Upper,Cable Tricep Extension,50,4,12
2017-08-17,Hypertrophy Upper,Cable Tricep Extension,50,4,12
2017-08-24,Hypertrophy Upper,Cable Tricep Extension,55,4,12
2017-08-31,Hypertrophy Upper,Cable Tricep Extension,50,4,12
2017-09-04,Hypertrophy Upper,Cable Tricep Extension,50,4,12
2017-09-14,Hypertrophy Upper,Cable Tricep Extension,50,4,12
2017-09-21,Hypertrophy Upper,Cable Tricep Extension,50,4,12
2017-09-27,Hypertrophy Upper,Cable Tricep Extension,50,4,12
2017-10-07,Hypertrophy Upper,Cable Tricep Extension,50,4,12
2017-10-16,Hypertrophy Upper,Cable Tricep Extension,50,4,12
2017-10-23,Hypertrophy Upper,Cable Tricep Extension,50,4,12
2017-10-31,Hypertrophy Upper,Cable Tricep Extension,50,4,12
2016-12-29,Hypertrophy Upper,Seated Cable Row,35,3,8
2017-01-05,Hypertrophy Upper,Seated Cable Row,35,3,10
2017-01-12,Hypertrophy Upper,Seated Cable Row,35,3,12
2017-01-19,Hypertrophy Upper,Seated Cable Row,35,4,12
2017-01-26,Hypertrophy Upper,Seated Cable Row,40,4,12
2017-02-02,Hypertrophy Upper,Seated Cable Row,42.5,4,12
2017-02-09,Hypertrophy Upper,Seated Cable Row,42.5,4,12
2017-02-16,Hypertrophy Upper,Seated Cable Row,42.5,4,12
2017-02-20,Hypertrophy Upper,Seated Cable Row,42.5,4,12
2017-03-02,Hypertrophy Upper,Seated Cable Row,50,4,12
2017-03-09,Hypertrophy Upper,Seated Cable Row,50,4,12
2017-03-16,Hypertrophy Upper,Seated Cable Row,50,4,12
2017-03-19,Hypertrophy Upper,Seated Cable Row,50,4,12
2017-03-30,Hypertrophy Upper,Seated Cable Row,50,4,12
2017-04-06,Hypertrophy Upper,Seated Cable Row,50,4,12
2017-04-12,Hypertrophy Upper,Seated Cable Row,50,4,12
2017-04-17,Hypertrophy Upper,Seated Cable Row,50,4,12
2017-04-27,Hypertrophy Upper,Seated Cable Row,50,4,12
2017-05-04,Hypertrophy Upper,Seated Cable Row,50,4,10
2017-05-11,Hypertrophy Upper,Seated Cable Row,50,4,12
2017-05-18,Hypertrophy Upper,Seated Cable Row,55,4,12
2017-05-29,Hypertrophy Upper,Seated Cable Row,45,4,12
2017-06-08,Hypertrophy Upper,Seated Cable Row,50,4,12
2017-06-15,Hypertrophy Upper,Seated Cable Row,50,4,12
2017-06-22,Hypertrophy Upper,Seated Cable Row,50,4,12
2017-06-29,Hypertrophy Upper,Seated Cable Row,60,4,12
2017-07-22,Hypertrophy Upper,Seated Cable Row,50,4,12
2017-07-28,Hypertrophy Upper,Seated Cable Row,50,4,12
2017-08-03,Hypertrophy Upper,Seated Cable Row,55,4,12
2017-08-07,Hypertrophy Upper,Seated Cable Row,55,4,12
2017-08-17,Hypertrophy Upper,Seated Cable Row,50,4,12
2017-08-24,Hypertrophy Upper,Seated Cable Row,50,4,12
2017-08-31,Hypertrophy Upper,Seated Cable Row,50,4,12
2017-09-04,Hypertrophy Upper,Seated Cable Row,50,4,12
2017-09-14,Hypertrophy Upper,Seated Cable Row,50,4,12
2017-09-21,Hypertrophy Upper,Seated Cable Row,50,4,12
2017-09-27,Hypertrophy Upper,Seated Cable Row,50,4,12
2017-10-07,Hypertrophy Upper,Seated Cable Row,50,4,12
2017-10-16,Hypertrophy Upper,Seated Cable Row,50,4,12
2017-10-23,Hypertrophy Upper,Seated Cable Row,50,4,12
2017-10-31,Hypertrophy Upper,Seated Cable Row,50,4,12
2016-12-30,Hypertrophy Lower,Front Squat,15,3,12
2017-01-07,Hypertrophy Lower,Front Squat,17.5,3,12
2017-01-13,Hypertrophy Lower,Front Squat,20,3,12
2017-01-21,Hypertrophy Lower,Front Squat,20,3,12
2017-01-28,Hypertrophy Lower,Front Squat,20,3,12
2017-02-03,Hypertrophy Lower,Front Squat,22.5,3,12
2017-02-10,Hypertrophy Lower,Front Squat,22.5,3,12
2017-02-24,Hypertrophy Lower,Front Squat,25,3,12
2017-03-04,Hypertrophy Lower,Front Squat,25,3,12
2017-03-10,Hypertrophy Lower,Front Squat,25,4,12
2017-03-17,Hypertrophy Lower,Front Squat,25,4,12
2017-03-31,Hypertrophy Lower,Front Squat,30,4,8
2017-04-08,Hypertrophy Lower,Front Squat,30,4,10
2017-04-15,Hypertrophy Lower,Front Squat,30,4,10
2017-04-21,Hypertrophy Lower,Front Squat,30,4,12
2017-04-30,Hypertrophy Lower,Front Squat,30,4,12
2017-05-19,Hypertrophy Lower,Front Squat,30,4,12
2017-06-03,Hypertrophy Lower,Front Squat,20,4,12
2017-06-10,Hypertrophy Lower,Front Squat,20,4,12
2017-06-16,Hypertrophy Lower,Front Squat,20,4,12
2017-06-23,Hypertrophy Lower,Front Squat,22.5,4,12
2017-07-24,Hypertrophy Lower,Front Squat,15,4,12
2017-07-30,Hypertrophy Lower,Front Squat,17.5,4,12
2017-08-05,Hypertrophy Lower,Front Squat,20,4,12
2017-08-11,Hypertrophy Lower,Front Squat,22.5,4,12
2017-08-18,Hypertrophy Lower,Front Squat,25,4,10
2017-08-25,Hypertrophy Lower,Front Squat,25,4,12
2017-09-01,Hypertrophy Lower,Front Squat,25,4,8
2017-09-08,Hypertrophy Lower,Front Squat,25,4,8
2017-09-15,Hypertrophy Lower,Front Squat,25,4,10
2017-09-22,Hypertrophy Lower,Front Squat,25,4,12
2017-10-03,Hypertrophy Lower,Front Squat,25,4,10
2017-10-10,Hypertrophy Lower,Front Squat,25,4,10
2017-10-17,Hypertrophy Lower,Front Squat,30,4,8
2017-10-24,Hypertrophy Lower,Front Squat,30,4,10
2017-11-02,Hypertrophy Lower,Front Squat,30,4,10
2016-12-30,Hypertrophy Lower,Barbell Lunge,5,3,10
2017-01-07,Hypertrophy Lower,Barbell Lunge,5,3,12
2017-01-13,Hypertrophy Lower,Barbell Lunge,7.5,3,12
2017-01-21,Hypertrophy Lower,Barbell Lunge,7.5,3,12
2017-01-28,Hypertrophy Lower,Barbell Lunge,7.5,3,12
2017-02-03,Hypertrophy Lower,Barbell Lunge,10,3,10
2017-02-10,Hypertrophy Lower,Barbell Lunge,10,3,12
2017-02-24,Hypertrophy Lower,Barbell Lunge,10,3,12
2017-03-04,Hypertrophy Lower,Barbell Lunge,10,3,12
2017-03-10,Hypertrophy Lower,Barbell Lunge,10,4,12
2017-03-17,Hypertrophy Lower,Barbell Lunge,10,4,12
2017-03-31,Hypertrophy Lower,Barbell Lunge,15,4,8
2017-04-08,Hypertrophy Lower,Barbell Lunge,15,4,10
2017-04-15,Hypertrophy Lower,Barbell Lunge,15,4,10
2017-04-21,Hypertrophy Lower,Barbell Lunge,15,4,12
2017-04-30,Hypertrophy Lower,Barbell Lunge,15,4,12
2017-05-19,Hypertrophy Lower,Barbell Lunge,15,4,12
2017-06-03,Hypertrophy Lower,Barbell Lunge,10,4,12
2017-06-10,Hypertrophy Lower,Barbell Lunge,10,4,12
2017-06-16,Hypertrophy Lower,Barbell Lunge,10,4,12
2017-06-23,Hypertrophy Lower,Barbell Lunge,12.5,4,12
2017-07-24,Hypertrophy Lower,Barbell Lunge,10,4,12
2017-07-30,Hypertrophy Lower,Barbell Lunge,12.5,4,12
2017-08-05,Hypertrophy Lower,Barbell Lunge,12.5,4,12
2017-08-11,Hypertrophy Lower,Barbell Lunge,15,4,12
2017-08-18,Hypertrophy Lower,Barbell Lunge,15,4,12
2017-08-25,Hypertrophy Lower,Barbell Lunge,12.5,4,12
2017-09-01,Hypertrophy Lower,Barbell Lunge,15,4,8
2017-09-08,Hypertrophy Lower,Barbell Lunge,15,4,8
2017-09-15,Hypertrophy Lower,Barbell Lunge,15,4,9
2017-09-22,Hypertrophy Lower,Barbell Lunge,15,4,10
2017-10-03,Hypertrophy Lower,Barbell Lunge,15,4,10
2017-10-10,Hypertrophy Lower,Barbell Lunge,15,4,10
2017-10-17,Hypertrophy Lower,Barbell Lunge,17.5,4,10
2017-10-24,Hypertrophy Lower,Barbell Lunge,17.5,4,9
2017-11-02,Hypertrophy Lower,Barbell Lunge,17.5,4,9
2016-12-30,Hypertrophy Lower,Leg Extension,35,3,15
2017-01-07,Hypertrophy Lower,Leg Extension,50,3,15
2017-01-13,Hypertrophy Lower,Leg Extension,60,3,15
2017-01-21,Hypertrophy Lower,Leg Extension,65,3,15
2017-01-28,Hypertrophy Lower,Leg Extension,70,3,15
2017-02-03,Hypertrophy Lower,Leg Extension,70,3,15
2017-02-10,Hypertrophy Lower,Leg Extension,60,3,10
2017-02-24,Hypertrophy Lower,Leg Extension,60,3,12
2017-03-04,Hypertrophy Lower,Leg Extension,60,3,12
2017-03-10,Hypertrophy Lower,Leg Extension,60,4,12
2017-03-17,Hypertrophy Lower,Leg Extension,60,4,12
2017-03-31,Hypertrophy Lower,Leg Extension,60,4,12
2017-04-08,Hypertrophy Lower,Leg Extension,65,4,10
2017-04-15,Hypertrophy Lower,Leg Extension,65,4,12
2017-04-21,Hypertrophy Lower,Leg Extension,65,4,12
2017-04-30,Hypertrophy Lower,Leg Extension,65,4,12
2017-05-19,Hypertrophy Lower,Leg Extension,65,4,12
2017-06-03,Hypertrophy Lower,Leg Extension,60,4,12
2017-06-10,Hypertrophy Lower,Leg Extension,60,4,12
2017-06-16,Hypertrophy Lower,Leg Extension,65,4,12
2017-06-23,Hypertrophy Lower,Leg Extension,65,4,12
2017-07-24,Hypertrophy Lower,Leg Extension,50,4,12
2017-07-30,Hypertrophy Lower,Leg Extension,55,4,12
2017-08-05,Hypertrophy Lower,Leg Extension,60,4,12
2017-08-11,Hypertrophy Lower,Leg Extension,75,4,12
2017-08-18,Hypertrophy Lower,Leg Extension,80,4,12
2017-08-25,Hypertrophy Lower,Leg Extension,85,4,12
2017-09-01,Hypertrophy Lower,Leg Extension,90,4,12
2017-09-08,Hypertrophy Lower,Leg Extension,90,4,12
2017-09-15,Hypertrophy Lower,Leg Extension,95,4,12
2017-09-22,Hypertrophy Lower,Leg Extension,95,4,12
2017-10-03,Hypertrophy Lower,Leg Extension,95,4,12
2017-10-10,Hypertrophy Lower,Leg Extension,110,4,12
2017-10-17,Hypertrophy Lower,Leg Extension,110,4,12
2017-10-24,Hypertrophy Lower,Leg Extension,115,4,12
2017-11-02,Hypertrophy Lower,Leg Extension,115,4,12
2016-12-30,Hypertrophy Lower,Leg Curl,45,3,15
2017-01-07,Hypertrophy Lower,Leg Curl,50,3,15
2017-01-13,Hypertrophy Lower,Leg Curl,55,3,15
2017-01-21,Hypertrophy Lower,Leg Curl,55,3,15
2017-01-28,Hypertrophy Lower,Leg Curl,55,3,15
2017-02-03,Hypertrophy Lower,Leg Curl,55,3,15
2017-02-10,Hypertrophy Lower,Leg Curl,55,3,15
2017-02-24,Hypertrophy Lower,Leg Curl,55,3,10
2017-03-04,Hypertrophy Lower,Leg Curl,60,3,12
2017-03-10,Hypertrophy Lower,Leg Curl,60,4,12
2017-03-17,Hypertrophy Lower,Leg Curl,65,4,12
2017-03-31,Hypertrophy Lower,Leg Curl,65,4,12
2017-04-08,Hypertrophy Lower,Leg Curl,70,4,12
2017-04-15,Hypertrophy Lower,Leg Curl,70,4,12
2017-04-21,Hypertrophy Lower,Leg Curl,70,4,12
2017-04-30,Hypertrophy Lower,Leg Curl,75,4,12
2017-05-19,Hypertrophy Lower,Leg Curl,75,4,12
2017-06-03,Hypertrophy Lower,Leg Curl,70,4,12
2017-06-10,Hypertrophy Lower,Leg Curl,70,4,12
2017-06-16,Hypertrophy Lower,Leg Curl,70,4,12
2017-06-23,Hypertrophy Lower,Leg Curl,70,4,12
2017-07-24,Hypertrophy Lower,Leg Curl,50,4,12
2017-07-30,Hypertrophy Lower,Leg Curl,50,4,12
2017-08-05,Hypertrophy Lower,Leg Curl,60,4,12
2017-08-11,Hypertrophy Lower,Leg Curl,70,4,12
2017-08-18,Hypertrophy Lower,Leg Curl,80,4,12
2017-08-25,Hypertrophy Lower,Leg Curl,85,4,12
2017-09-01,Hypertrophy Lower,Leg Curl,90,4,12
2017-09-08,Hypertrophy Lower,Leg Curl,90,4,12
2017-09-15,Hypertrophy Lower,Leg Curl,95,4,12
2017-09-22,Hypertrophy Lower,Leg Curl,95,4,12
2017-10-03,Hypertrophy Lower,Leg Curl,95,4,12
2017-10-10,Hypertrophy Lower,Leg Curl,95,4,12
2017-10-17,Hypertrophy Lower,Leg Curl,95,4,12
2017-10-24,Hypertrophy Lower,Leg Curl,100,4,12
2017-11-02,Hypertrophy Lower,Leg Curl,100,4,12
2016-12-30,Hypertrophy Lower,Seated Calf Raise,45,3,12
2017-01-07,Hypertrophy Lower,Seated Calf Raise,50,3,12
2017-01-13,Hypertrophy Lower,Seated Calf Raise,55,3,12
2017-01-21,Hypertrophy Lower,Seated Calf Raise,70,3,12
2017-01-28,Hypertrophy Lower,Seated Calf Raise,75,3,12
2017-02-03,Hypertrophy Lower,Seated Calf Raise,75,3,12
2017-02-10,Hypertrophy Lower,Seated Calf Raise,80,3,12
2017-02-24,Hypertrophy Lower,Seated Calf Raise,80,4,10
2017-03-04,Hypertrophy Lower,Seated Calf Raise,80,4,12
2017-03-10,Hypertrophy Lower,Seated Calf Raise,80,4,12
2017-03-17,Hypertrophy Lower,Seated Calf Raise,80,4,12
2017-03-31,Hypertrophy Lower,Seated Calf Raise,90,4,12
2017-04-08,Hypertrophy Lower,Seated Calf Raise,90,4,12
2017-04-15,Hypertrophy Lower,Seated Calf Raise,90,4,12
2017-04-21,Hypertrophy Lower,Seated Calf Raise,100,4,12
2017-04-30,Hypertrophy Lower,Seated Calf Raise,105,4,12
2017-05-19,Hypertrophy Lower,Seated Calf Raise,105,4,12
2017-06-03,Hypertrophy Lower,Seated Calf Raise,90,4,12
2017-06-10,Hypertrophy Lower,Seated Calf Raise,105,4,12
2017-06-16,Hypertrophy Lower,Seated Calf Raise,105,4,12
2017-06-23,Hypertrophy Lower,Seated Calf Raise,105,4,12
2017-07-24,Hypertrophy Lower,Seated Calf Raise,110,4,12
2017-07-30,Hypertrophy Lower,Seated Calf Raise,110,4,12
2017-08-05,Hypertrophy Lower,Seated Calf Raise,110,4,12
2017-08-11,Hypertrophy Lower,Seated Calf Raise,120,4,12
2017-08-18,Hypertrophy Lower,Seated Calf Raise,110,4,12
2017-08-25,Hypertrophy Lower,Seated Calf Raise,120,4,12
2017-09-01,Hypertrophy Lower,Seated Calf Raise,120,4,12
2017-09-08,Hypertrophy Lower,Seated Calf Raise,120,4,12
2017-09-15,Hypertrophy Lower,Seated Calf Raise,125,4,12
2017-09-22,Hypertrophy Lower,Seated Calf Raise,125,4,12
2017-10-03,Hypertrophy Lower,Seated Calf Raise,130,4,12
2017-10-10,Hypertrophy Lower,Seated Calf Raise,130,4,12
2017-10-17,Hypertrophy Lower,Seated Calf Raise,130,4,12
2017-10-24,Hypertrophy Lower,Seated Calf Raise,130,4,12
2017-11-02,Hypertrophy Lower,Seated Calf Raise,120,4,12
2016-12-30,Hypertrophy Lower,Calf Press,55,3,12
2017-01-07,Hypertrophy Lower,Calf Press,65,3,12
2017-01-13,Hypertrophy Lower,Calf Press,70,3,12
2017-01-21,Hypertrophy Lower,Calf Press,75,3,12
2017-01-28,Hypertrophy Lower,Calf Press,75,3,12
2017-02-03,Hypertrophy Lower,Calf Press,75,3,12
2017-02-10,Hypertrophy Lower,Calf Press,80,4,12
2017-02-24,Hypertrophy Lower,Calf Press,80,4,12
2017-03-04,Hypertrophy Lower,Calf Press,90,4,12
2017-03-10,Hypertrophy Lower,Calf Press,90,4,12
2017-03-17,Hypertrophy Lower,Calf Press,100,4,12
2017-03-31,Hypertrophy Lower,Calf Press,100,4,12
2017-04-08,Hypertrophy Lower,Calf Press,115,4,12
2017-04-15,Hypertrophy Lower,Calf Press,115,4,12
2017-04-21,Hypertrophy Lower,Calf Press,125,4,12
2017-04-30,Hypertrophy Lower,Calf Press,125,4,12
2017-05-19,Hypertrophy Lower,Calf Press,125,4,12
2017-06-03,Hypertrophy Lower,Calf Press,125,4,12
2017-06-10,Hypertrophy Lower,Calf Press,125,4,12
2017-06-16,Hypertrophy Lower,Calf Press,125,4,12
2017-06-23,Hypertrophy Lower,Calf Press,125,4,12
2017-07-24,Hypertrophy Lower,Calf Press,125,4,12
2017-07-30,Hypertrophy Lower,Calf Press,135,4,12
2017-08-05,Hypertrophy Lower,Calf Press,135,4,12
2017-08-11,Hypertrophy Lower,Calf Press,135,4,12
2017-08-18,Hypertrophy Lower,Calf Press,135,4,12
2017-08-25,Hypertrophy Lower,Calf Press,145,4,12
2017-09-01,Hypertrophy Lower,Calf Press,160,4,12
2017-09-08,Hypertrophy Lower,Calf Press,160,4,12
2017-09-15,Hypertrophy Lower,Calf Press,160,4,12
2017-09-22,Hypertrophy Lower,Calf Press,160,4,12
2017-10-03,Hypertrophy Lower,Calf Press,160,4,12
2017-10-10,Hypertrophy Lower,Calf Press,160,4,12
2017-10-17,Hypertrophy Lower,Calf Press,160,4,12
2017-10-24,Hypertrophy Lower,Calf Press,160,4,12
2017-11-02,Hypertrophy Lower,Calf Press,180,4,12
